tweet_content,emotion,sentiment_score,likes,retweets,replies,topic_tags,financial_behavior
Hidden fees on loans are just unethical! #FinancialLiteracy #ConsumerBehavior #TrendingTopic: Budgeting,Disgust,-0.81,229,38,92,Budgeting,Good behavior
Predatory loans are a trap—know the risks before signing. #FinancialLiteracy #ConsumerBehavior #TrendingTopic: Spending Habits,Disgust,0.34,4,10,37,Spending Habits,Risky behavior
Did you know investing $100 monthly can grow to $50k in 10 years? #FinancialLiteracy #ConsumerBehavior #TrendingTopic: Financial Planning,Surprise,0.11,358,100,80,Financial Planning,Moderate behavior
"Surprisingly, budgeting apps can save up to 20% of expenses. #FinancialLiteracy #ConsumerBehavior #TrendingTopic: Budgeting",Surprise,0.99,967,29,59,Budgeting,Risky behavior
Imagine achieving financial independence by 40! #FinancialLiteracy #ConsumerBehavior #TrendingTopic: Investment,Anticipation,-0.14,953,138,84,Investment,Moderate behavior
Predatory loans are a trap—know the risks before signing. #FinancialLiteracy #ConsumerBehavior #TrendingTopic: Financial Planning,Disgust,-0.93,487,55,76,Financial Planning,Moderate behavior
Overspending on credit cards leads to long-term regret. #FinancialLiteracy #ConsumerBehavior #TrendingTopic: Investment,Disgust,-0.56,531,82,6,Investment,Good behavior
A missed payment can damage your credit score for years. #FinancialLiteracy #ConsumerBehavior #TrendingTopic: Spending Habits,Fear,-0.02,360,455,62,Spending Habits,Risky behavior
Predatory loans are a trap—know the risks before signing. #FinancialLiteracy #ConsumerBehavior #TrendingTopic: Spending Habits,Disgust,-0.57,98,172,8,Spending Habits,Moderate behavior
Did you know investing $100 monthly can grow to $50k in 10 years? #FinancialLiteracy #ConsumerBehavior #TrendingTopic: Credit Scores,Surprise,-0.71,352,192,76,Credit Scores,Risky behavior
A missed payment can damage your credit score for years. #FinancialLiteracy #ConsumerBehavior #TrendingTopic: Investment,Fear,-0.42,361,362,15,Investment,Moderate behavior
Hidden fees on loans are just unethical! #FinancialLiteracy #ConsumerBehavior #TrendingTopic: Budgeting,Disgust,-1.0,385,126,46,Budgeting,Risky behavior
Debt can spiral out of control without careful management. #FinancialLiteracy #ConsumerBehavior #TrendingTopic: Budgeting,Fear,-0.95,427,141,20,Budgeting,Moderate behavior
"Surprisingly, budgeting apps can save up to 20% of expenses. #FinancialLiteracy #ConsumerBehavior #TrendingTopic: Spending Habits",Surprise,-0.3,678,484,4,Spending Habits,Risky behavior
Planning your future starts with small savings today! #FinancialLiteracy #ConsumerBehavior #TrendingTopic: Savings,Positive,0.67,306,493,33,Savings,Risky behavior
The next big opportunity is just a wise investment away. #FinancialLiteracy #ConsumerBehavior #TrendingTopic: Spending Habits,Anticipation,0.77,253,26,83,Spending Habits,Risky behavior
Financial instability often starts with overspending. #FinancialLiteracy #ConsumerBehavior #TrendingTopic: Financial Planning,Fear,0.91,587,30,87,Financial Planning,Good behavior
Budgeting brings clarity and peace of mind. #FinancialLiteracy #ConsumerBehavior #TrendingTopic: Spending Habits,Positive,-0.54,763,127,36,Spending Habits,Risky behavior
Ignoring budgets can wreak havoc on financial goals. #FinancialLiteracy #ConsumerBehavior #TrendingTopic: Credit Scores,Disgust,0.43,908,366,3,Credit Scores,Good behavior
Debt can spiral out of control without careful management. #FinancialLiteracy #ConsumerBehavior #TrendingTopic: Spending Habits,Fear,-0.69,842,317,23,Spending Habits,Risky behavior
Budgeting brings clarity and peace of mind. #FinancialLiteracy #ConsumerBehavior #TrendingTopic: Savings,Positive,1.0,176,99,3,Savings,Risky behavior
Ignoring budgets can wreak havoc on financial goals. #FinancialLiteracy #ConsumerBehavior #TrendingTopic: Spending Habits,Disgust,0.05,219,9,40,Spending Habits,Moderate behavior
Budgeting brings clarity and peace of mind. #FinancialLiteracy #ConsumerBehavior #TrendingTopic: Financial Planning,Positive,0.19,111,192,88,Financial Planning,Moderate behavior
Who knew financial literacy could be this empowering? #FinancialLiteracy #ConsumerBehavior #TrendingTopic: Investment,Surprise,0.6,52,220,47,Investment,Risky behavior
Hidden fees on loans are just unethical! #FinancialLiteracy #ConsumerBehavior #TrendingTopic: Spending Habits,Disgust,-0.1,848,168,65,Spending Habits,Risky behavior
Financial instability often starts with overspending. #FinancialLiteracy #ConsumerBehavior #TrendingTopic: Credit Scores,Fear,-1.0,887,292,5,Credit Scores,Good behavior
Looking forward to a secure retirement? Start saving early. #FinancialLiteracy #ConsumerBehavior #TrendingTopic: Budgeting,Anticipation,-0.75,702,434,87,Budgeting,Good behavior
Did you know investing $100 monthly can grow to $50k in 10 years? #FinancialLiteracy #ConsumerBehavior #TrendingTopic: Savings,Surprise,-0.69,851,24,81,Savings,Risky behavior
Debt can spiral out of control without careful management. #FinancialLiteracy #ConsumerBehavior #TrendingTopic: Financial Planning,Fear,-0.92,3,426,33,Financial Planning,Risky behavior
"Surprisingly, budgeting apps can save up to 20% of expenses. #FinancialLiteracy #ConsumerBehavior #TrendingTopic: Budgeting",Surprise,0.44,83,250,5,Budgeting,Moderate behavior
Planning your future starts with small savings today! #FinancialLiteracy #ConsumerBehavior #TrendingTopic: Financial Planning,Positive,0.28,953,168,77,Financial Planning,Moderate behavior
Overspending on credit cards leads to long-term regret. #FinancialLiteracy #ConsumerBehavior #TrendingTopic: Debt Management,Disgust,-0.52,247,435,8,Debt Management,Moderate behavior
Good financial habits lead to sustainable wealth. #FinancialLiteracy #ConsumerBehavior #TrendingTopic: Budgeting,Positive,0.67,885,83,6,Budgeting,Risky behavior
Many people overlook the power of compound interest! #FinancialLiteracy #ConsumerBehavior #TrendingTopic: Investment,Surprise,-0.6,729,185,24,Investment,Good behavior
Planning your future starts with small savings today! #FinancialLiteracy #ConsumerBehavior #TrendingTopic: Financial Planning,Positive,0.43,983,313,93,Financial Planning,Moderate behavior
Many people overlook the power of compound interest! #FinancialLiteracy #ConsumerBehavior #TrendingTopic: Financial Planning,Surprise,0.25,765,345,3,Financial Planning,Good behavior
Predatory loans are a trap—know the risks before signing. #FinancialLiteracy #ConsumerBehavior #TrendingTopic: Debt Management,Disgust,0.0,82,447,12,Debt Management,Good behavior
Investing wisely secures your tomorrow. #FinancialLiteracy #ConsumerBehavior #TrendingTopic: Budgeting,Positive,0.56,801,19,25,Budgeting,Moderate behavior
Debt can spiral out of control without careful management. #FinancialLiteracy #ConsumerBehavior #TrendingTopic: Budgeting,Fear,0.47,372,250,29,Budgeting,Good behavior
Debt can spiral out of control without careful management. #FinancialLiteracy #ConsumerBehavior #TrendingTopic: Savings,Fear,-0.6,252,333,9,Savings,Good behavior
The next big opportunity is just a wise investment away. #FinancialLiteracy #ConsumerBehavior #TrendingTopic: Budgeting,Anticipation,-0.05,155,4,88,Budgeting,Good behavior
Many people overlook the power of compound interest! #FinancialLiteracy #ConsumerBehavior #TrendingTopic: Budgeting,Surprise,-0.41,799,110,64,Budgeting,Good behavior
Predatory loans are a trap—know the risks before signing. #FinancialLiteracy #ConsumerBehavior #TrendingTopic: Debt Management,Disgust,-0.69,820,304,27,Debt Management,Good behavior
Did you know investing $100 monthly can grow to $50k in 10 years? #FinancialLiteracy #ConsumerBehavior #TrendingTopic: Spending Habits,Surprise,0.34,475,55,23,Spending Habits,Good behavior
Did you know investing $100 monthly can grow to $50k in 10 years? #FinancialLiteracy #ConsumerBehavior #TrendingTopic: Spending Habits,Surprise,0.98,138,175,75,Spending Habits,Moderate behavior
Who knew financial literacy could be this empowering? #FinancialLiteracy #ConsumerBehavior #TrendingTopic: Credit Scores,Surprise,-0.62,93,453,60,Credit Scores,Moderate behavior
Looking forward to a secure retirement? Start saving early. #FinancialLiteracy #ConsumerBehavior #TrendingTopic: Savings,Anticipation,0.27,421,314,77,Savings,Moderate behavior
Unexpected expenses can shake even the best financial plans. #FinancialLiteracy #ConsumerBehavior #TrendingTopic: Investment,Fear,0.76,448,413,92,Investment,Good behavior
Investing wisely secures your tomorrow. #FinancialLiteracy #ConsumerBehavior #TrendingTopic: Spending Habits,Positive,0.46,855,458,79,Spending Habits,Good behavior
Looking forward to a secure retirement? Start saving early. #FinancialLiteracy #ConsumerBehavior #TrendingTopic: Savings,Anticipation,-0.99,749,52,62,Savings,Risky behavior
Did you know investing $100 monthly can grow to $50k in 10 years? #FinancialLiteracy #ConsumerBehavior #TrendingTopic: Investment,Surprise,0.62,295,330,52,Investment,Risky behavior
Investing wisely secures your tomorrow. #FinancialLiteracy #ConsumerBehavior #TrendingTopic: Budgeting,Positive,0.7,294,54,86,Budgeting,Risky behavior
Financial instability often starts with overspending. #FinancialLiteracy #ConsumerBehavior #TrendingTopic: Savings,Fear,0.6,288,171,98,Savings,Moderate behavior
Good financial habits lead to sustainable wealth. #FinancialLiteracy #ConsumerBehavior #TrendingTopic: Savings,Positive,0.77,194,402,87,Savings,Risky behavior
"Surprisingly, budgeting apps can save up to 20% of expenses. #FinancialLiteracy #ConsumerBehavior #TrendingTopic: Savings",Surprise,0.8,326,210,10,Savings,Good behavior
Did you know investing $100 monthly can grow to $50k in 10 years? #FinancialLiteracy #ConsumerBehavior #TrendingTopic: Spending Habits,Surprise,-0.9,95,26,60,Spending Habits,Good behavior
Good financial habits lead to sustainable wealth. #FinancialLiteracy #ConsumerBehavior #TrendingTopic: Investment,Positive,0.61,238,361,15,Investment,Risky behavior
"Surprisingly, budgeting apps can save up to 20% of expenses. #FinancialLiteracy #ConsumerBehavior #TrendingTopic: Debt Management",Surprise,-0.67,975,291,32,Debt Management,Risky behavior
Budgeting brings clarity and peace of mind. #FinancialLiteracy #ConsumerBehavior #TrendingTopic: Financial Planning,Positive,-0.1,855,431,76,Financial Planning,Good behavior
Budgeting brings clarity and peace of mind. #FinancialLiteracy #ConsumerBehavior #TrendingTopic: Credit Scores,Positive,-0.51,512,426,50,Credit Scores,Good behavior
Unexpected expenses can shake even the best financial plans. #FinancialLiteracy #ConsumerBehavior #TrendingTopic: Financial Planning,Fear,0.28,403,229,21,Financial Planning,Good behavior
Hidden fees on loans are just unethical! #FinancialLiteracy #ConsumerBehavior #TrendingTopic: Budgeting,Disgust,0.0,36,333,34,Budgeting,Good behavior
Unexpected expenses can shake even the best financial plans. #FinancialLiteracy #ConsumerBehavior #TrendingTopic: Credit Scores,Fear,-0.79,340,380,81,Credit Scores,Risky behavior
Hidden fees on loans are just unethical! #FinancialLiteracy #ConsumerBehavior #TrendingTopic: Budgeting,Disgust,-0.32,515,356,4,Budgeting,Risky behavior
Predatory loans are a trap—know the risks before signing. #FinancialLiteracy #ConsumerBehavior #TrendingTopic: Debt Management,Disgust,1.0,658,413,24,Debt Management,Good behavior
Financial instability often starts with overspending. #FinancialLiteracy #ConsumerBehavior #TrendingTopic: Budgeting,Fear,-0.65,542,323,8,Budgeting,Good behavior
Financial instability often starts with overspending. #FinancialLiteracy #ConsumerBehavior #TrendingTopic: Budgeting,Fear,-0.78,814,264,57,Budgeting,Risky behavior
Anticipate market trends for better investment decisions. #FinancialLiteracy #ConsumerBehavior #TrendingTopic: Savings,Anticipation,-0.95,286,119,22,Savings,Moderate behavior
Predatory loans are a trap—know the risks before signing. #FinancialLiteracy #ConsumerBehavior #TrendingTopic: Spending Habits,Disgust,0.26,325,373,63,Spending Habits,Risky behavior
Did you know investing $100 monthly can grow to $50k in 10 years? #FinancialLiteracy #ConsumerBehavior #TrendingTopic: Credit Scores,Surprise,-0.52,930,19,11,Credit Scores,Good behavior
Investing wisely secures your tomorrow. #FinancialLiteracy #ConsumerBehavior #TrendingTopic: Savings,Positive,-0.21,594,461,21,Savings,Good behavior
Who knew financial literacy could be this empowering? #FinancialLiteracy #ConsumerBehavior #TrendingTopic: Financial Planning,Surprise,0.91,714,400,9,Financial Planning,Good behavior
Predatory loans are a trap—know the risks before signing. #FinancialLiteracy #ConsumerBehavior #TrendingTopic: Credit Scores,Disgust,0.6,175,497,15,Credit Scores,Good behavior
Investing wisely secures your tomorrow. #FinancialLiteracy #ConsumerBehavior #TrendingTopic: Savings,Positive,0.05,686,358,57,Savings,Good behavior
Anticipate market trends for better investment decisions. #FinancialLiteracy #ConsumerBehavior #TrendingTopic: Financial Planning,Anticipation,0.79,215,192,34,Financial Planning,Risky behavior
Good financial habits lead to sustainable wealth. #FinancialLiteracy #ConsumerBehavior #TrendingTopic: Spending Habits,Positive,0.81,552,204,95,Spending Habits,Moderate behavior
Anticipate market trends for better investment decisions. #FinancialLiteracy #ConsumerBehavior #TrendingTopic: Financial Planning,Anticipation,-0.47,152,406,27,Financial Planning,Moderate behavior
Debt can spiral out of control without careful management. #FinancialLiteracy #ConsumerBehavior #TrendingTopic: Investment,Fear,0.73,33,312,48,Investment,Risky behavior
Investing wisely secures your tomorrow. #FinancialLiteracy #ConsumerBehavior #TrendingTopic: Savings,Positive,0.6,679,383,87,Savings,Good behavior
Budgeting brings clarity and peace of mind. #FinancialLiteracy #ConsumerBehavior #TrendingTopic: Investment,Positive,-0.09,210,100,67,Investment,Risky behavior
Good financial habits lead to sustainable wealth. #FinancialLiteracy #ConsumerBehavior #TrendingTopic: Budgeting,Positive,0.37,686,50,79,Budgeting,Moderate behavior
Hidden fees on loans are just unethical! #FinancialLiteracy #ConsumerBehavior #TrendingTopic: Debt Management,Disgust,-0.59,833,347,13,Debt Management,Moderate behavior
Imagine achieving financial independence by 40! #FinancialLiteracy #ConsumerBehavior #TrendingTopic: Financial Planning,Anticipation,0.39,538,28,80,Financial Planning,Moderate behavior
Unexpected expenses can shake even the best financial plans. #FinancialLiteracy #ConsumerBehavior #TrendingTopic: Budgeting,Fear,0.66,782,216,74,Budgeting,Good behavior
A missed payment can damage your credit score for years. #FinancialLiteracy #ConsumerBehavior #TrendingTopic: Financial Planning,Fear,0.89,355,248,46,Financial Planning,Good behavior
Financial instability often starts with overspending. #FinancialLiteracy #ConsumerBehavior #TrendingTopic: Financial Planning,Fear,0.53,806,352,29,Financial Planning,Moderate behavior
Debt can spiral out of control without careful management. #FinancialLiteracy #ConsumerBehavior #TrendingTopic: Investment,Fear,-0.97,65,134,88,Investment,Moderate behavior
Imagine achieving financial independence by 40! #FinancialLiteracy #ConsumerBehavior #TrendingTopic: Credit Scores,Anticipation,-0.64,945,413,59,Credit Scores,Risky behavior
Looking forward to a secure retirement? Start saving early. #FinancialLiteracy #ConsumerBehavior #TrendingTopic: Investment,Anticipation,-0.44,714,445,68,Investment,Good behavior
Anticipate market trends for better investment decisions. #FinancialLiteracy #ConsumerBehavior #TrendingTopic: Spending Habits,Anticipation,-0.1,577,114,60,Spending Habits,Risky behavior
Many people overlook the power of compound interest! #FinancialLiteracy #ConsumerBehavior #TrendingTopic: Investment,Surprise,-0.09,596,16,94,Investment,Risky behavior
"Surprisingly, budgeting apps can save up to 20% of expenses. #FinancialLiteracy #ConsumerBehavior #TrendingTopic: Debt Management",Surprise,0.03,674,51,92,Debt Management,Risky behavior
Good financial habits lead to sustainable wealth. #FinancialLiteracy #ConsumerBehavior #TrendingTopic: Financial Planning,Positive,0.77,309,283,55,Financial Planning,Moderate behavior
Did you know investing $100 monthly can grow to $50k in 10 years? #FinancialLiteracy #ConsumerBehavior #TrendingTopic: Budgeting,Surprise,-0.23,334,355,53,Budgeting,Good behavior
Looking forward to a secure retirement? Start saving early. #FinancialLiteracy #ConsumerBehavior #TrendingTopic: Financial Planning,Anticipation,-0.07,839,60,26,Financial Planning,Risky behavior
Looking forward to a secure retirement? Start saving early. #FinancialLiteracy #ConsumerBehavior #TrendingTopic: Financial Planning,Anticipation,-0.56,354,83,73,Financial Planning,Good behavior
Investing wisely secures your tomorrow. #FinancialLiteracy #ConsumerBehavior #TrendingTopic: Spending Habits,Positive,-0.03,867,400,91,Spending Habits,Risky behavior
Overspending on credit cards leads to long-term regret. #FinancialLiteracy #ConsumerBehavior #TrendingTopic: Credit Scores,Disgust,0.34,499,7,42,Credit Scores,Moderate behavior
Who knew financial literacy could be this empowering? #FinancialLiteracy #ConsumerBehavior #TrendingTopic: Spending Habits,Surprise,0.22,573,160,44,Spending Habits,Risky behavior
Who knew financial literacy could be this empowering? #FinancialLiteracy #ConsumerBehavior #TrendingTopic: Debt Management,Surprise,0.14,341,288,64,Debt Management,Good behavior
Investing wisely secures your tomorrow. #FinancialLiteracy #ConsumerBehavior #TrendingTopic: Credit Scores,Positive,-0.12,106,309,16,Credit Scores,Risky behavior
Did you know investing $100 monthly can grow to $50k in 10 years? #FinancialLiteracy #ConsumerBehavior #TrendingTopic: Spending Habits,Surprise,0.24,146,465,94,Spending Habits,Moderate behavior
Debt can spiral out of control without careful management. #FinancialLiteracy #ConsumerBehavior #TrendingTopic: Budgeting,Fear,0.85,266,13,82,Budgeting,Risky behavior
Unexpected expenses can shake even the best financial plans. #FinancialLiteracy #ConsumerBehavior #TrendingTopic: Debt Management,Fear,0.07,510,425,20,Debt Management,Moderate behavior
Many people overlook the power of compound interest! #FinancialLiteracy #ConsumerBehavior #TrendingTopic: Credit Scores,Surprise,-0.85,217,293,68,Credit Scores,Moderate behavior
Budgeting brings clarity and peace of mind. #FinancialLiteracy #ConsumerBehavior #TrendingTopic: Debt Management,Positive,-0.64,633,390,97,Debt Management,Risky behavior
Planning your future starts with small savings today! #FinancialLiteracy #ConsumerBehavior #TrendingTopic: Investment,Positive,0.47,710,412,38,Investment,Risky behavior
Who knew financial literacy could be this empowering? #FinancialLiteracy #ConsumerBehavior #TrendingTopic: Credit Scores,Surprise,-0.36,544,375,56,Credit Scores,Moderate behavior
Who knew financial literacy could be this empowering? #FinancialLiteracy #ConsumerBehavior #TrendingTopic: Investment,Surprise,0.22,410,143,79,Investment,Risky behavior
Financial instability often starts with overspending. #FinancialLiteracy #ConsumerBehavior #TrendingTopic: Debt Management,Fear,-0.52,338,450,32,Debt Management,Good behavior
Investing wisely secures your tomorrow. #FinancialLiteracy #ConsumerBehavior #TrendingTopic: Financial Planning,Positive,0.41,706,94,85,Financial Planning,Moderate behavior
Many people overlook the power of compound interest! #FinancialLiteracy #ConsumerBehavior #TrendingTopic: Spending Habits,Surprise,0.25,19,278,27,Spending Habits,Risky behavior
Anticipate market trends for better investment decisions. #FinancialLiteracy #ConsumerBehavior #TrendingTopic: Debt Management,Anticipation,0.04,574,334,42,Debt Management,Risky behavior
Looking forward to a secure retirement? Start saving early. #FinancialLiteracy #ConsumerBehavior #TrendingTopic: Financial Planning,Anticipation,-0.26,2,105,5,Financial Planning,Risky behavior
Good financial habits lead to sustainable wealth. #FinancialLiteracy #ConsumerBehavior #TrendingTopic: Investment,Positive,-0.69,505,306,65,Investment,Risky behavior
Unexpected expenses can shake even the best financial plans. #FinancialLiteracy #ConsumerBehavior #TrendingTopic: Credit Scores,Fear,-0.2,648,336,34,Credit Scores,Risky behavior
Many people overlook the power of compound interest! #FinancialLiteracy #ConsumerBehavior #TrendingTopic: Investment,Surprise,-0.17,258,352,88,Investment,Moderate behavior
Did you know investing $100 monthly can grow to $50k in 10 years? #FinancialLiteracy #ConsumerBehavior #TrendingTopic: Spending Habits,Surprise,-0.92,242,87,65,Spending Habits,Risky behavior
A missed payment can damage your credit score for years. #FinancialLiteracy #ConsumerBehavior #TrendingTopic: Budgeting,Fear,0.4,37,121,63,Budgeting,Moderate behavior
Good financial habits lead to sustainable wealth. #FinancialLiteracy #ConsumerBehavior #TrendingTopic: Debt Management,Positive,-0.09,519,249,46,Debt Management,Risky behavior
Who knew financial literacy could be this empowering? #FinancialLiteracy #ConsumerBehavior #TrendingTopic: Debt Management,Surprise,-0.92,126,215,85,Debt Management,Moderate behavior
The next big opportunity is just a wise investment away. #FinancialLiteracy #ConsumerBehavior #TrendingTopic: Budgeting,Anticipation,-0.05,767,19,59,Budgeting,Moderate behavior
A missed payment can damage your credit score for years. #FinancialLiteracy #ConsumerBehavior #TrendingTopic: Spending Habits,Fear,-0.05,808,27,67,Spending Habits,Moderate behavior
Ignoring budgets can wreak havoc on financial goals. #FinancialLiteracy #ConsumerBehavior #TrendingTopic: Spending Habits,Disgust,-0.96,940,438,75,Spending Habits,Moderate behavior
Did you know investing $100 monthly can grow to $50k in 10 years? #FinancialLiteracy #ConsumerBehavior #TrendingTopic: Budgeting,Surprise,0.07,858,121,67,Budgeting,Good behavior
Good financial habits lead to sustainable wealth. #FinancialLiteracy #ConsumerBehavior #TrendingTopic: Debt Management,Positive,0.81,670,208,95,Debt Management,Risky behavior
"Surprisingly, budgeting apps can save up to 20% of expenses. #FinancialLiteracy #ConsumerBehavior #TrendingTopic: Budgeting",Surprise,-0.89,950,182,97,Budgeting,Moderate behavior
Budgeting brings clarity and peace of mind. #FinancialLiteracy #ConsumerBehavior #TrendingTopic: Savings,Positive,0.14,601,440,31,Savings,Moderate behavior
Many people overlook the power of compound interest! #FinancialLiteracy #ConsumerBehavior #TrendingTopic: Savings,Surprise,-0.06,272,219,47,Savings,Moderate behavior
Anticipate market trends for better investment decisions. #FinancialLiteracy #ConsumerBehavior #TrendingTopic: Budgeting,Anticipation,-0.76,507,66,12,Budgeting,Good behavior
Overspending on credit cards leads to long-term regret. #FinancialLiteracy #ConsumerBehavior #TrendingTopic: Savings,Disgust,0.78,807,207,47,Savings,Good behavior
Debt can spiral out of control without careful management. #FinancialLiteracy #ConsumerBehavior #TrendingTopic: Spending Habits,Fear,0.75,420,298,37,Spending Habits,Moderate behavior
Financial instability often starts with overspending. #FinancialLiteracy #ConsumerBehavior #TrendingTopic: Budgeting,Fear,0.93,309,59,7,Budgeting,Moderate behavior
Budgeting brings clarity and peace of mind. #FinancialLiteracy #ConsumerBehavior #TrendingTopic: Savings,Positive,0.26,746,226,33,Savings,Risky behavior
Planning your future starts with small savings today! #FinancialLiteracy #ConsumerBehavior #TrendingTopic: Investment,Positive,-0.71,308,390,88,Investment,Good behavior
Planning your future starts with small savings today! #FinancialLiteracy #ConsumerBehavior #TrendingTopic: Financial Planning,Positive,0.45,915,383,68,Financial Planning,Good behavior
Budgeting brings clarity and peace of mind. #FinancialLiteracy #ConsumerBehavior #TrendingTopic: Savings,Positive,0.01,644,1,62,Savings,Good behavior
Ignoring budgets can wreak havoc on financial goals. #FinancialLiteracy #ConsumerBehavior #TrendingTopic: Spending Habits,Disgust,-0.42,454,380,94,Spending Habits,Risky behavior
Predatory loans are a trap—know the risks before signing. #FinancialLiteracy #ConsumerBehavior #TrendingTopic: Investment,Disgust,-0.34,737,426,62,Investment,Risky behavior
Predatory loans are a trap—know the risks before signing. #FinancialLiteracy #ConsumerBehavior #TrendingTopic: Budgeting,Disgust,0.4,262,159,15,Budgeting,Risky behavior
Debt can spiral out of control without careful management. #FinancialLiteracy #ConsumerBehavior #TrendingTopic: Budgeting,Fear,-0.0,946,296,80,Budgeting,Risky behavior
Overspending on credit cards leads to long-term regret. #FinancialLiteracy #ConsumerBehavior #TrendingTopic: Spending Habits,Disgust,-0.83,403,242,5,Spending Habits,Moderate behavior
Looking forward to a secure retirement? Start saving early. #FinancialLiteracy #ConsumerBehavior #TrendingTopic: Budgeting,Anticipation,-0.26,574,443,26,Budgeting,Moderate behavior
Imagine achieving financial independence by 40! #FinancialLiteracy #ConsumerBehavior #TrendingTopic: Debt Management,Anticipation,-0.95,439,299,18,Debt Management,Good behavior
Hidden fees on loans are just unethical! #FinancialLiteracy #ConsumerBehavior #TrendingTopic: Budgeting,Disgust,-0.17,743,358,43,Budgeting,Moderate behavior
Unexpected expenses can shake even the best financial plans. #FinancialLiteracy #ConsumerBehavior #TrendingTopic: Budgeting,Fear,-0.2,427,458,95,Budgeting,Moderate behavior
Who knew financial literacy could be this empowering? #FinancialLiteracy #ConsumerBehavior #TrendingTopic: Financial Planning,Surprise,0.28,413,387,56,Financial Planning,Risky behavior
Unexpected expenses can shake even the best financial plans. #FinancialLiteracy #ConsumerBehavior #TrendingTopic: Credit Scores,Fear,-0.87,393,317,34,Credit Scores,Risky behavior
Predatory loans are a trap—know the risks before signing. #FinancialLiteracy #ConsumerBehavior #TrendingTopic: Credit Scores,Disgust,0.68,685,194,96,Credit Scores,Good behavior
A missed payment can damage your credit score for years. #FinancialLiteracy #ConsumerBehavior #TrendingTopic: Investment,Fear,-0.55,360,346,97,Investment,Risky behavior
Looking forward to a secure retirement? Start saving early. #FinancialLiteracy #ConsumerBehavior #TrendingTopic: Budgeting,Anticipation,-0.5,30,80,44,Budgeting,Moderate behavior
"Surprisingly, budgeting apps can save up to 20% of expenses. #FinancialLiteracy #ConsumerBehavior #TrendingTopic: Investment",Surprise,0.58,672,225,21,Investment,Good behavior
A missed payment can damage your credit score for years. #FinancialLiteracy #ConsumerBehavior #TrendingTopic: Credit Scores,Fear,0.41,159,324,49,Credit Scores,Good behavior
Who knew financial literacy could be this empowering? #FinancialLiteracy #ConsumerBehavior #TrendingTopic: Budgeting,Surprise,-0.33,126,347,66,Budgeting,Good behavior
The next big opportunity is just a wise investment away. #FinancialLiteracy #ConsumerBehavior #TrendingTopic: Budgeting,Anticipation,0.81,352,438,21,Budgeting,Risky behavior
Investing wisely secures your tomorrow. #FinancialLiteracy #ConsumerBehavior #TrendingTopic: Savings,Positive,-0.04,462,365,69,Savings,Risky behavior
Unexpected expenses can shake even the best financial plans. #FinancialLiteracy #ConsumerBehavior #TrendingTopic: Budgeting,Fear,-0.81,497,302,90,Budgeting,Good behavior
Looking forward to a secure retirement? Start saving early. #FinancialLiteracy #ConsumerBehavior #TrendingTopic: Budgeting,Anticipation,-0.09,707,449,94,Budgeting,Moderate behavior
"Surprisingly, budgeting apps can save up to 20% of expenses. #FinancialLiteracy #ConsumerBehavior #TrendingTopic: Financial Planning",Surprise,0.86,763,333,30,Financial Planning,Risky behavior
Planning your future starts with small savings today! #FinancialLiteracy #ConsumerBehavior #TrendingTopic: Budgeting,Positive,-0.47,127,343,44,Budgeting,Moderate behavior
Debt can spiral out of control without careful management. #FinancialLiteracy #ConsumerBehavior #TrendingTopic: Spending Habits,Fear,0.0,72,494,93,Spending Habits,Risky behavior
Good financial habits lead to sustainable wealth. #FinancialLiteracy #ConsumerBehavior #TrendingTopic: Investment,Positive,-0.91,787,354,15,Investment,Risky behavior
Ignoring budgets can wreak havoc on financial goals. #FinancialLiteracy #ConsumerBehavior #TrendingTopic: Budgeting,Disgust,-0.07,757,496,57,Budgeting,Good behavior
Planning your future starts with small savings today! #FinancialLiteracy #ConsumerBehavior #TrendingTopic: Investment,Positive,-0.14,5,99,49,Investment,Moderate behavior
Planning your future starts with small savings today! #FinancialLiteracy #ConsumerBehavior #TrendingTopic: Spending Habits,Positive,-0.3,49,354,11,Spending Habits,Good behavior
Hidden fees on loans are just unethical! #FinancialLiteracy #ConsumerBehavior #TrendingTopic: Financial Planning,Disgust,-0.0,613,9,13,Financial Planning,Risky behavior
Did you know investing $100 monthly can grow to $50k in 10 years? #FinancialLiteracy #ConsumerBehavior #TrendingTopic: Credit Scores,Surprise,-0.2,737,447,84,Credit Scores,Good behavior
Ignoring budgets can wreak havoc on financial goals. #FinancialLiteracy #ConsumerBehavior #TrendingTopic: Credit Scores,Disgust,-0.31,682,361,91,Credit Scores,Good behavior
Overspending on credit cards leads to long-term regret. #FinancialLiteracy #ConsumerBehavior #TrendingTopic: Investment,Disgust,0.09,460,100,36,Investment,Risky behavior
Debt can spiral out of control without careful management. #FinancialLiteracy #ConsumerBehavior #TrendingTopic: Financial Planning,Fear,0.95,0,217,77,Financial Planning,Moderate behavior
Unexpected expenses can shake even the best financial plans. #FinancialLiteracy #ConsumerBehavior #TrendingTopic: Financial Planning,Fear,-0.17,845,391,23,Financial Planning,Moderate behavior
Overspending on credit cards leads to long-term regret. #FinancialLiteracy #ConsumerBehavior #TrendingTopic: Debt Management,Disgust,-0.33,845,15,97,Debt Management,Risky behavior
Many people overlook the power of compound interest! #FinancialLiteracy #ConsumerBehavior #TrendingTopic: Investment,Surprise,-0.32,267,237,18,Investment,Risky behavior
Unexpected expenses can shake even the best financial plans. #FinancialLiteracy #ConsumerBehavior #TrendingTopic: Savings,Fear,0.16,901,410,4,Savings,Moderate behavior
Ignoring budgets can wreak havoc on financial goals. #FinancialLiteracy #ConsumerBehavior #TrendingTopic: Debt Management,Disgust,-0.42,80,28,76,Debt Management,Moderate behavior
Budgeting brings clarity and peace of mind. #FinancialLiteracy #ConsumerBehavior #TrendingTopic: Investment,Positive,-0.93,615,399,96,Investment,Risky behavior
Investing wisely secures your tomorrow. #FinancialLiteracy #ConsumerBehavior #TrendingTopic: Financial Planning,Positive,-0.22,522,424,67,Financial Planning,Moderate behavior
Unexpected expenses can shake even the best financial plans. #FinancialLiteracy #ConsumerBehavior #TrendingTopic: Investment,Fear,-0.84,860,270,98,Investment,Moderate behavior
Financial instability often starts with overspending. #FinancialLiteracy #ConsumerBehavior #TrendingTopic: Financial Planning,Fear,0.14,186,269,39,Financial Planning,Good behavior
Financial instability often starts with overspending. #FinancialLiteracy #ConsumerBehavior #TrendingTopic: Debt Management,Fear,-0.11,157,167,97,Debt Management,Moderate behavior
Did you know investing $100 monthly can grow to $50k in 10 years? #FinancialLiteracy #ConsumerBehavior #TrendingTopic: Savings,Surprise,-0.61,686,97,99,Savings,Risky behavior
Looking forward to a secure retirement? Start saving early. #FinancialLiteracy #ConsumerBehavior #TrendingTopic: Investment,Anticipation,0.29,75,214,97,Investment,Good behavior
Anticipate market trends for better investment decisions. #FinancialLiteracy #ConsumerBehavior #TrendingTopic: Credit Scores,Anticipation,0.74,326,408,51,Credit Scores,Good behavior
Debt can spiral out of control without careful management. #FinancialLiteracy #ConsumerBehavior #TrendingTopic: Budgeting,Fear,0.55,665,384,12,Budgeting,Good behavior
Looking forward to a secure retirement? Start saving early. #FinancialLiteracy #ConsumerBehavior #TrendingTopic: Budgeting,Anticipation,0.23,839,146,10,Budgeting,Risky behavior
Unexpected expenses can shake even the best financial plans. #FinancialLiteracy #ConsumerBehavior #TrendingTopic: Credit Scores,Fear,-0.15,999,370,24,Credit Scores,Risky behavior
Planning your future starts with small savings today! #FinancialLiteracy #ConsumerBehavior #TrendingTopic: Credit Scores,Positive,0.34,318,423,3,Credit Scores,Good behavior
Hidden fees on loans are just unethical! #FinancialLiteracy #ConsumerBehavior #TrendingTopic: Debt Management,Disgust,-0.65,127,32,25,Debt Management,Good behavior
Anticipate market trends for better investment decisions. #FinancialLiteracy #ConsumerBehavior #TrendingTopic: Financial Planning,Anticipation,-0.83,705,445,36,Financial Planning,Good behavior
Looking forward to a secure retirement? Start saving early. #FinancialLiteracy #ConsumerBehavior #TrendingTopic: Savings,Anticipation,-0.35,917,20,3,Savings,Risky behavior
Hidden fees on loans are just unethical! #FinancialLiteracy #ConsumerBehavior #TrendingTopic: Budgeting,Disgust,0.47,832,329,1,Budgeting,Risky behavior
Anticipate market trends for better investment decisions. #FinancialLiteracy #ConsumerBehavior #TrendingTopic: Spending Habits,Anticipation,0.77,951,158,5,Spending Habits,Risky behavior
Who knew financial literacy could be this empowering? #FinancialLiteracy #ConsumerBehavior #TrendingTopic: Savings,Surprise,-0.42,358,5,29,Savings,Risky behavior
Financial instability often starts with overspending. #FinancialLiteracy #ConsumerBehavior #TrendingTopic: Financial Planning,Fear,-0.37,77,47,6,Financial Planning,Moderate behavior
Debt can spiral out of control without careful management. #FinancialLiteracy #ConsumerBehavior #TrendingTopic: Investment,Fear,-0.16,937,229,45,Investment,Moderate behavior
Debt can spiral out of control without careful management. #FinancialLiteracy #ConsumerBehavior #TrendingTopic: Financial Planning,Fear,-0.28,302,223,13,Financial Planning,Risky behavior
Imagine achieving financial independence by 40! #FinancialLiteracy #ConsumerBehavior #TrendingTopic: Investment,Anticipation,0.03,248,297,6,Investment,Moderate behavior
Financial instability often starts with overspending. #FinancialLiteracy #ConsumerBehavior #TrendingTopic: Budgeting,Fear,0.92,62,459,78,Budgeting,Good behavior
Many people overlook the power of compound interest! #FinancialLiteracy #ConsumerBehavior #TrendingTopic: Budgeting,Surprise,0.74,977,198,91,Budgeting,Risky behavior
Who knew financial literacy could be this empowering? #FinancialLiteracy #ConsumerBehavior #TrendingTopic: Investment,Surprise,-0.92,492,338,86,Investment,Good behavior
Imagine achieving financial independence by 40! #FinancialLiteracy #ConsumerBehavior #TrendingTopic: Credit Scores,Anticipation,-0.07,963,228,69,Credit Scores,Risky behavior
Anticipate market trends for better investment decisions. #FinancialLiteracy #ConsumerBehavior #TrendingTopic: Investment,Anticipation,-0.29,851,290,72,Investment,Good behavior
The next big opportunity is just a wise investment away. #FinancialLiteracy #ConsumerBehavior #TrendingTopic: Savings,Anticipation,-0.79,428,390,0,Savings,Risky behavior
Hidden fees on loans are just unethical! #FinancialLiteracy #ConsumerBehavior #TrendingTopic: Financial Planning,Disgust,-0.74,204,237,43,Financial Planning,Moderate behavior
Anticipate market trends for better investment decisions. #FinancialLiteracy #ConsumerBehavior #TrendingTopic: Financial Planning,Anticipation,0.12,759,159,0,Financial Planning,Good behavior
The next big opportunity is just a wise investment away. #FinancialLiteracy #ConsumerBehavior #TrendingTopic: Financial Planning,Anticipation,-0.47,531,188,64,Financial Planning,Moderate behavior
Debt can spiral out of control without careful management. #FinancialLiteracy #ConsumerBehavior #TrendingTopic: Debt Management,Fear,0.99,790,488,62,Debt Management,Risky behavior
The next big opportunity is just a wise investment away. #FinancialLiteracy #ConsumerBehavior #TrendingTopic: Debt Management,Anticipation,-0.19,984,16,53,Debt Management,Risky behavior
Budgeting brings clarity and peace of mind. #FinancialLiteracy #ConsumerBehavior #TrendingTopic: Debt Management,Positive,0.7,209,381,72,Debt Management,Moderate behavior
Overspending on credit cards leads to long-term regret. #FinancialLiteracy #ConsumerBehavior #TrendingTopic: Credit Scores,Disgust,-0.83,981,132,74,Credit Scores,Moderate behavior
"Surprisingly, budgeting apps can save up to 20% of expenses. #FinancialLiteracy #ConsumerBehavior #TrendingTopic: Budgeting",Surprise,0.13,916,319,3,Budgeting,Good behavior
Investing wisely secures your tomorrow. #FinancialLiteracy #ConsumerBehavior #TrendingTopic: Financial Planning,Positive,-0.16,891,336,30,Financial Planning,Good behavior
Budgeting brings clarity and peace of mind. #FinancialLiteracy #ConsumerBehavior #TrendingTopic: Spending Habits,Positive,0.83,961,89,79,Spending Habits,Risky behavior
"Surprisingly, budgeting apps can save up to 20% of expenses. #FinancialLiteracy #ConsumerBehavior #TrendingTopic: Savings",Surprise,0.73,789,134,3,Savings,Moderate behavior
Anticipate market trends for better investment decisions. #FinancialLiteracy #ConsumerBehavior #TrendingTopic: Credit Scores,Anticipation,0.77,22,312,19,Credit Scores,Moderate behavior
Imagine achieving financial independence by 40! #FinancialLiteracy #ConsumerBehavior #TrendingTopic: Budgeting,Anticipation,0.46,552,301,58,Budgeting,Risky behavior
Financial instability often starts with overspending. #FinancialLiteracy #ConsumerBehavior #TrendingTopic: Financial Planning,Fear,-0.25,698,212,10,Financial Planning,Risky behavior
Overspending on credit cards leads to long-term regret. #FinancialLiteracy #ConsumerBehavior #TrendingTopic: Credit Scores,Disgust,0.7,146,146,39,Credit Scores,Risky behavior
Did you know investing $100 monthly can grow to $50k in 10 years? #FinancialLiteracy #ConsumerBehavior #TrendingTopic: Credit Scores,Surprise,-0.05,43,184,69,Credit Scores,Moderate behavior
Ignoring budgets can wreak havoc on financial goals. #FinancialLiteracy #ConsumerBehavior #TrendingTopic: Debt Management,Disgust,0.08,1,492,19,Debt Management,Risky behavior
Overspending on credit cards leads to long-term regret. #FinancialLiteracy #ConsumerBehavior #TrendingTopic: Debt Management,Disgust,-0.95,809,217,11,Debt Management,Moderate behavior
Who knew financial literacy could be this empowering? #FinancialLiteracy #ConsumerBehavior #TrendingTopic: Credit Scores,Surprise,-0.04,543,379,72,Credit Scores,Moderate behavior
Good financial habits lead to sustainable wealth. #FinancialLiteracy #ConsumerBehavior #TrendingTopic: Investment,Positive,0.23,948,477,88,Investment,Good behavior
Financial instability often starts with overspending. #FinancialLiteracy #ConsumerBehavior #TrendingTopic: Investment,Fear,0.1,107,84,90,Investment,Risky behavior
Investing wisely secures your tomorrow. #FinancialLiteracy #ConsumerBehavior #TrendingTopic: Savings,Positive,-0.75,399,206,69,Savings,Moderate behavior
Many people overlook the power of compound interest! #FinancialLiteracy #ConsumerBehavior #TrendingTopic: Budgeting,Surprise,0.59,920,253,57,Budgeting,Good behavior
Hidden fees on loans are just unethical! #FinancialLiteracy #ConsumerBehavior #TrendingTopic: Spending Habits,Disgust,0.65,96,119,38,Spending Habits,Risky behavior
Looking forward to a secure retirement? Start saving early. #FinancialLiteracy #ConsumerBehavior #TrendingTopic: Debt Management,Anticipation,-0.67,722,36,6,Debt Management,Good behavior
Financial instability often starts with overspending. #FinancialLiteracy #ConsumerBehavior #TrendingTopic: Financial Planning,Fear,-0.5,722,7,59,Financial Planning,Risky behavior
Looking forward to a secure retirement? Start saving early. #FinancialLiteracy #ConsumerBehavior #TrendingTopic: Spending Habits,Anticipation,0.99,756,141,77,Spending Habits,Moderate behavior
Anticipate market trends for better investment decisions. #FinancialLiteracy #ConsumerBehavior #TrendingTopic: Credit Scores,Anticipation,-0.75,385,112,83,Credit Scores,Good behavior
"Surprisingly, budgeting apps can save up to 20% of expenses. #FinancialLiteracy #ConsumerBehavior #TrendingTopic: Spending Habits",Surprise,-0.41,788,149,83,Spending Habits,Moderate behavior
Looking forward to a secure retirement? Start saving early. #FinancialLiteracy #ConsumerBehavior #TrendingTopic: Savings,Anticipation,0.98,144,158,42,Savings,Moderate behavior
Many people overlook the power of compound interest! #FinancialLiteracy #ConsumerBehavior #TrendingTopic: Budgeting,Surprise,-0.16,840,247,68,Budgeting,Risky behavior
The next big opportunity is just a wise investment away. #FinancialLiteracy #ConsumerBehavior #TrendingTopic: Savings,Anticipation,-0.53,324,186,54,Savings,Good behavior
Many people overlook the power of compound interest! #FinancialLiteracy #ConsumerBehavior #TrendingTopic: Debt Management,Surprise,-0.2,986,81,0,Debt Management,Risky behavior
Looking forward to a secure retirement? Start saving early. #FinancialLiteracy #ConsumerBehavior #TrendingTopic: Financial Planning,Anticipation,0.2,506,94,63,Financial Planning,Risky behavior
Financial instability often starts with overspending. #FinancialLiteracy #ConsumerBehavior #TrendingTopic: Investment,Fear,-0.23,752,217,86,Investment,Risky behavior
Budgeting brings clarity and peace of mind. #FinancialLiteracy #ConsumerBehavior #TrendingTopic: Investment,Positive,-0.14,847,495,61,Investment,Risky behavior
Anticipate market trends for better investment decisions. #FinancialLiteracy #ConsumerBehavior #TrendingTopic: Debt Management,Anticipation,-0.27,142,356,48,Debt Management,Moderate behavior
Investing wisely secures your tomorrow. #FinancialLiteracy #ConsumerBehavior #TrendingTopic: Debt Management,Positive,0.76,242,343,19,Debt Management,Good behavior
Investing wisely secures your tomorrow. #FinancialLiteracy #ConsumerBehavior #TrendingTopic: Budgeting,Positive,-0.06,16,68,16,Budgeting,Moderate behavior
Financial instability often starts with overspending. #FinancialLiteracy #ConsumerBehavior #TrendingTopic: Savings,Fear,-0.22,406,88,58,Savings,Good behavior
Budgeting brings clarity and peace of mind. #FinancialLiteracy #ConsumerBehavior #TrendingTopic: Savings,Positive,0.88,282,256,100,Savings,Risky behavior
Ignoring budgets can wreak havoc on financial goals. #FinancialLiteracy #ConsumerBehavior #TrendingTopic: Budgeting,Disgust,-0.39,8,489,56,Budgeting,Good behavior
Unexpected expenses can shake even the best financial plans. #FinancialLiteracy #ConsumerBehavior #TrendingTopic: Credit Scores,Fear,-0.66,584,415,34,Credit Scores,Moderate behavior
Hidden fees on loans are just unethical! #FinancialLiteracy #ConsumerBehavior #TrendingTopic: Investment,Disgust,-0.49,995,206,44,Investment,Good behavior
"Surprisingly, budgeting apps can save up to 20% of expenses. #FinancialLiteracy #ConsumerBehavior #TrendingTopic: Financial Planning",Surprise,0.25,628,407,71,Financial Planning,Good behavior
"Surprisingly, budgeting apps can save up to 20% of expenses. #FinancialLiteracy #ConsumerBehavior #TrendingTopic: Spending Habits",Surprise,0.53,942,269,49,Spending Habits,Risky behavior
Good financial habits lead to sustainable wealth. #FinancialLiteracy #ConsumerBehavior #TrendingTopic: Debt Management,Positive,0.32,944,327,60,Debt Management,Good behavior
Anticipate market trends for better investment decisions. #FinancialLiteracy #ConsumerBehavior #TrendingTopic: Savings,Anticipation,-0.9,713,180,34,Savings,Good behavior
"Surprisingly, budgeting apps can save up to 20% of expenses. #FinancialLiteracy #ConsumerBehavior #TrendingTopic: Credit Scores",Surprise,0.02,463,61,70,Credit Scores,Moderate behavior
Overspending on credit cards leads to long-term regret. #FinancialLiteracy #ConsumerBehavior #TrendingTopic: Investment,Disgust,0.28,721,358,3,Investment,Good behavior
Budgeting brings clarity and peace of mind. #FinancialLiteracy #ConsumerBehavior #TrendingTopic: Savings,Positive,0.54,486,414,18,Savings,Risky behavior
Financial instability often starts with overspending. #FinancialLiteracy #ConsumerBehavior #TrendingTopic: Spending Habits,Fear,0.43,931,467,76,Spending Habits,Good behavior
Who knew financial literacy could be this empowering? #FinancialLiteracy #ConsumerBehavior #TrendingTopic: Investment,Surprise,0.74,430,30,14,Investment,Good behavior
Imagine achieving financial independence by 40! #FinancialLiteracy #ConsumerBehavior #TrendingTopic: Spending Habits,Anticipation,1.0,172,200,27,Spending Habits,Moderate behavior
Many people overlook the power of compound interest! #FinancialLiteracy #ConsumerBehavior #TrendingTopic: Financial Planning,Surprise,0.96,379,471,85,Financial Planning,Risky behavior
Budgeting brings clarity and peace of mind. #FinancialLiteracy #ConsumerBehavior #TrendingTopic: Financial Planning,Positive,0.28,34,100,48,Financial Planning,Good behavior
Did you know investing $100 monthly can grow to $50k in 10 years? #FinancialLiteracy #ConsumerBehavior #TrendingTopic: Spending Habits,Surprise,-0.79,492,288,27,Spending Habits,Moderate behavior
Financial instability often starts with overspending. #FinancialLiteracy #ConsumerBehavior #TrendingTopic: Debt Management,Fear,0.17,618,399,53,Debt Management,Risky behavior
Anticipate market trends for better investment decisions. #FinancialLiteracy #ConsumerBehavior #TrendingTopic: Savings,Anticipation,0.73,420,479,25,Savings,Risky behavior
Did you know investing $100 monthly can grow to $50k in 10 years? #FinancialLiteracy #ConsumerBehavior #TrendingTopic: Savings,Surprise,-0.22,862,34,31,Savings,Risky behavior
Looking forward to a secure retirement? Start saving early. #FinancialLiteracy #ConsumerBehavior #TrendingTopic: Debt Management,Anticipation,-0.54,201,444,69,Debt Management,Good behavior
Hidden fees on loans are just unethical! #FinancialLiteracy #ConsumerBehavior #TrendingTopic: Credit Scores,Disgust,-0.5,178,80,16,Credit Scores,Good behavior
Did you know investing $100 monthly can grow to $50k in 10 years? #FinancialLiteracy #ConsumerBehavior #TrendingTopic: Savings,Surprise,-0.35,28,473,3,Savings,Good behavior
Unexpected expenses can shake even the best financial plans. #FinancialLiteracy #ConsumerBehavior #TrendingTopic: Debt Management,Fear,0.95,713,419,25,Debt Management,Risky behavior
Anticipate market trends for better investment decisions. #FinancialLiteracy #ConsumerBehavior #TrendingTopic: Spending Habits,Anticipation,-0.08,756,120,87,Spending Habits,Good behavior
Anticipate market trends for better investment decisions. #FinancialLiteracy #ConsumerBehavior #TrendingTopic: Debt Management,Anticipation,0.78,851,293,59,Debt Management,Good behavior
Did you know investing $100 monthly can grow to $50k in 10 years? #FinancialLiteracy #ConsumerBehavior #TrendingTopic: Investment,Surprise,0.96,779,161,14,Investment,Good behavior
Who knew financial literacy could be this empowering? #FinancialLiteracy #ConsumerBehavior #TrendingTopic: Debt Management,Surprise,-0.62,664,290,52,Debt Management,Risky behavior
Ignoring budgets can wreak havoc on financial goals. #FinancialLiteracy #ConsumerBehavior #TrendingTopic: Debt Management,Disgust,-0.32,762,487,4,Debt Management,Good behavior
Good financial habits lead to sustainable wealth. #FinancialLiteracy #ConsumerBehavior #TrendingTopic: Credit Scores,Positive,0.28,176,343,42,Credit Scores,Good behavior
Budgeting brings clarity and peace of mind. #FinancialLiteracy #ConsumerBehavior #TrendingTopic: Debt Management,Positive,-0.86,772,421,0,Debt Management,Moderate behavior
Ignoring budgets can wreak havoc on financial goals. #FinancialLiteracy #ConsumerBehavior #TrendingTopic: Savings,Disgust,-0.3,308,380,82,Savings,Moderate behavior
Did you know investing $100 monthly can grow to $50k in 10 years? #FinancialLiteracy #ConsumerBehavior #TrendingTopic: Spending Habits,Surprise,-0.74,825,261,53,Spending Habits,Good behavior
Looking forward to a secure retirement? Start saving early. #FinancialLiteracy #ConsumerBehavior #TrendingTopic: Spending Habits,Anticipation,0.12,683,448,43,Spending Habits,Good behavior
Many people overlook the power of compound interest! #FinancialLiteracy #ConsumerBehavior #TrendingTopic: Budgeting,Surprise,-0.57,852,6,38,Budgeting,Good behavior
Hidden fees on loans are just unethical! #FinancialLiteracy #ConsumerBehavior #TrendingTopic: Debt Management,Disgust,-0.49,457,265,35,Debt Management,Good behavior
Many people overlook the power of compound interest! #FinancialLiteracy #ConsumerBehavior #TrendingTopic: Budgeting,Surprise,-0.25,369,401,15,Budgeting,Good behavior
"Surprisingly, budgeting apps can save up to 20% of expenses. #FinancialLiteracy #ConsumerBehavior #TrendingTopic: Savings",Surprise,0.37,476,15,37,Savings,Moderate behavior
Many people overlook the power of compound interest! #FinancialLiteracy #ConsumerBehavior #TrendingTopic: Budgeting,Surprise,-0.35,81,103,43,Budgeting,Moderate behavior
A missed payment can damage your credit score for years. #FinancialLiteracy #ConsumerBehavior #TrendingTopic: Savings,Fear,-0.86,797,460,43,Savings,Moderate behavior
Hidden fees on loans are just unethical! #FinancialLiteracy #ConsumerBehavior #TrendingTopic: Investment,Disgust,0.77,136,470,13,Investment,Moderate behavior
Many people overlook the power of compound interest! #FinancialLiteracy #ConsumerBehavior #TrendingTopic: Spending Habits,Surprise,-0.35,669,271,69,Spending Habits,Risky behavior
Looking forward to a secure retirement? Start saving early. #FinancialLiteracy #ConsumerBehavior #TrendingTopic: Budgeting,Anticipation,-0.08,548,34,51,Budgeting,Good behavior
Investing wisely secures your tomorrow. #FinancialLiteracy #ConsumerBehavior #TrendingTopic: Debt Management,Positive,0.17,818,305,91,Debt Management,Moderate behavior
Did you know investing $100 monthly can grow to $50k in 10 years? #FinancialLiteracy #ConsumerBehavior #TrendingTopic: Spending Habits,Surprise,0.92,499,126,27,Spending Habits,Good behavior
Anticipate market trends for better investment decisions. #FinancialLiteracy #ConsumerBehavior #TrendingTopic: Savings,Anticipation,0.76,351,490,42,Savings,Risky behavior
Predatory loans are a trap—know the risks before signing. #FinancialLiteracy #ConsumerBehavior #TrendingTopic: Spending Habits,Disgust,0.67,393,328,13,Spending Habits,Good behavior
Hidden fees on loans are just unethical! #FinancialLiteracy #ConsumerBehavior #TrendingTopic: Budgeting,Disgust,-0.15,480,490,80,Budgeting,Risky behavior
"Surprisingly, budgeting apps can save up to 20% of expenses. #FinancialLiteracy #ConsumerBehavior #TrendingTopic: Savings",Surprise,-0.32,251,326,67,Savings,Risky behavior
Unexpected expenses can shake even the best financial plans. #FinancialLiteracy #ConsumerBehavior #TrendingTopic: Debt Management,Fear,0.55,236,395,29,Debt Management,Good behavior
The next big opportunity is just a wise investment away. #FinancialLiteracy #ConsumerBehavior #TrendingTopic: Credit Scores,Anticipation,0.86,944,164,33,Credit Scores,Moderate behavior
Did you know investing $100 monthly can grow to $50k in 10 years? #FinancialLiteracy #ConsumerBehavior #TrendingTopic: Savings,Surprise,-0.02,760,25,59,Savings,Moderate behavior
Who knew financial literacy could be this empowering? #FinancialLiteracy #ConsumerBehavior #TrendingTopic: Debt Management,Surprise,0.63,645,243,52,Debt Management,Good behavior
Budgeting brings clarity and peace of mind. #FinancialLiteracy #ConsumerBehavior #TrendingTopic: Savings,Positive,0.1,249,35,66,Savings,Moderate behavior
Unexpected expenses can shake even the best financial plans. #FinancialLiteracy #ConsumerBehavior #TrendingTopic: Budgeting,Fear,-0.78,473,385,26,Budgeting,Moderate behavior
Hidden fees on loans are just unethical! #FinancialLiteracy #ConsumerBehavior #TrendingTopic: Investment,Disgust,-0.01,912,473,13,Investment,Moderate behavior
Debt can spiral out of control without careful management. #FinancialLiteracy #ConsumerBehavior #TrendingTopic: Budgeting,Fear,-0.28,370,83,15,Budgeting,Risky behavior
Who knew financial literacy could be this empowering? #FinancialLiteracy #ConsumerBehavior #TrendingTopic: Spending Habits,Surprise,-0.56,195,417,68,Spending Habits,Moderate behavior
Anticipate market trends for better investment decisions. #FinancialLiteracy #ConsumerBehavior #TrendingTopic: Debt Management,Anticipation,0.71,542,199,55,Debt Management,Good behavior
"Surprisingly, budgeting apps can save up to 20% of expenses. #FinancialLiteracy #ConsumerBehavior #TrendingTopic: Budgeting",Surprise,-0.93,869,350,63,Budgeting,Risky behavior
Who knew financial literacy could be this empowering? #FinancialLiteracy #ConsumerBehavior #TrendingTopic: Investment,Surprise,0.0,730,203,38,Investment,Moderate behavior
Financial instability often starts with overspending. #FinancialLiteracy #ConsumerBehavior #TrendingTopic: Debt Management,Fear,0.77,628,353,38,Debt Management,Moderate behavior
Planning your future starts with small savings today! #FinancialLiteracy #ConsumerBehavior #TrendingTopic: Investment,Positive,-0.44,592,153,91,Investment,Risky behavior
"Surprisingly, budgeting apps can save up to 20% of expenses. #FinancialLiteracy #ConsumerBehavior #TrendingTopic: Credit Scores",Surprise,-0.58,785,472,98,Credit Scores,Good behavior
Overspending on credit cards leads to long-term regret. #FinancialLiteracy #ConsumerBehavior #TrendingTopic: Investment,Disgust,0.24,502,428,30,Investment,Good behavior
Good financial habits lead to sustainable wealth. #FinancialLiteracy #ConsumerBehavior #TrendingTopic: Credit Scores,Positive,-0.47,40,116,46,Credit Scores,Good behavior
Unexpected expenses can shake even the best financial plans. #FinancialLiteracy #ConsumerBehavior #TrendingTopic: Spending Habits,Fear,-0.22,150,256,79,Spending Habits,Moderate behavior
A missed payment can damage your credit score for years. #FinancialLiteracy #ConsumerBehavior #TrendingTopic: Budgeting,Fear,0.28,77,343,25,Budgeting,Moderate behavior
Overspending on credit cards leads to long-term regret. #FinancialLiteracy #ConsumerBehavior #TrendingTopic: Credit Scores,Disgust,-0.09,741,390,77,Credit Scores,Risky behavior
Predatory loans are a trap—know the risks before signing. #FinancialLiteracy #ConsumerBehavior #TrendingTopic: Debt Management,Disgust,-0.42,891,391,54,Debt Management,Risky behavior
Financial instability often starts with overspending. #FinancialLiteracy #ConsumerBehavior #TrendingTopic: Investment,Fear,-0.73,517,41,93,Investment,Moderate behavior
Who knew financial literacy could be this empowering? #FinancialLiteracy #ConsumerBehavior #TrendingTopic: Savings,Surprise,-0.4,374,21,16,Savings,Risky behavior
The next big opportunity is just a wise investment away. #FinancialLiteracy #ConsumerBehavior #TrendingTopic: Debt Management,Anticipation,0.13,532,111,56,Debt Management,Moderate behavior
Overspending on credit cards leads to long-term regret. #FinancialLiteracy #ConsumerBehavior #TrendingTopic: Investment,Disgust,0.22,46,313,50,Investment,Moderate behavior
Ignoring budgets can wreak havoc on financial goals. #FinancialLiteracy #ConsumerBehavior #TrendingTopic: Investment,Disgust,-0.42,321,287,82,Investment,Good behavior
Planning your future starts with small savings today! #FinancialLiteracy #ConsumerBehavior #TrendingTopic: Debt Management,Positive,0.26,578,89,16,Debt Management,Good behavior
Hidden fees on loans are just unethical! #FinancialLiteracy #ConsumerBehavior #TrendingTopic: Debt Management,Disgust,0.12,654,369,36,Debt Management,Good behavior
Anticipate market trends for better investment decisions. #FinancialLiteracy #ConsumerBehavior #TrendingTopic: Debt Management,Anticipation,-0.05,844,449,77,Debt Management,Moderate behavior
Investing wisely secures your tomorrow. #FinancialLiteracy #ConsumerBehavior #TrendingTopic: Savings,Positive,0.83,773,120,65,Savings,Moderate behavior
The next big opportunity is just a wise investment away. #FinancialLiteracy #ConsumerBehavior #TrendingTopic: Spending Habits,Anticipation,-0.91,680,437,19,Spending Habits,Moderate behavior
Financial instability often starts with overspending. #FinancialLiteracy #ConsumerBehavior #TrendingTopic: Financial Planning,Fear,0.83,460,456,49,Financial Planning,Risky behavior
Did you know investing $100 monthly can grow to $50k in 10 years? #FinancialLiteracy #ConsumerBehavior #TrendingTopic: Debt Management,Surprise,0.87,257,198,1,Debt Management,Moderate behavior
Did you know investing $100 monthly can grow to $50k in 10 years? #FinancialLiteracy #ConsumerBehavior #TrendingTopic: Financial Planning,Surprise,0.95,73,366,35,Financial Planning,Good behavior
Investing wisely secures your tomorrow. #FinancialLiteracy #ConsumerBehavior #TrendingTopic: Investment,Positive,-0.52,816,223,64,Investment,Good behavior
Planning your future starts with small savings today! #FinancialLiteracy #ConsumerBehavior #TrendingTopic: Financial Planning,Positive,0.77,672,500,1,Financial Planning,Moderate behavior
Good financial habits lead to sustainable wealth. #FinancialLiteracy #ConsumerBehavior #TrendingTopic: Investment,Positive,0.37,644,298,25,Investment,Risky behavior
Planning your future starts with small savings today! #FinancialLiteracy #ConsumerBehavior #TrendingTopic: Investment,Positive,-0.14,26,339,30,Investment,Moderate behavior
Looking forward to a secure retirement? Start saving early. #FinancialLiteracy #ConsumerBehavior #TrendingTopic: Debt Management,Anticipation,-0.6,354,109,91,Debt Management,Risky behavior
Many people overlook the power of compound interest! #FinancialLiteracy #ConsumerBehavior #TrendingTopic: Budgeting,Surprise,-0.39,444,465,22,Budgeting,Moderate behavior
Investing wisely secures your tomorrow. #FinancialLiteracy #ConsumerBehavior #TrendingTopic: Debt Management,Positive,0.88,252,175,88,Debt Management,Good behavior
Looking forward to a secure retirement? Start saving early. #FinancialLiteracy #ConsumerBehavior #TrendingTopic: Investment,Anticipation,-0.4,681,142,67,Investment,Good behavior
Hidden fees on loans are just unethical! #FinancialLiteracy #ConsumerBehavior #TrendingTopic: Budgeting,Disgust,0.25,258,341,2,Budgeting,Risky behavior
Overspending on credit cards leads to long-term regret. #FinancialLiteracy #ConsumerBehavior #TrendingTopic: Budgeting,Disgust,-0.8,567,146,99,Budgeting,Risky behavior
Unexpected expenses can shake even the best financial plans. #FinancialLiteracy #ConsumerBehavior #TrendingTopic: Spending Habits,Fear,0.74,148,44,79,Spending Habits,Good behavior
Budgeting brings clarity and peace of mind. #FinancialLiteracy #ConsumerBehavior #TrendingTopic: Credit Scores,Positive,0.8,445,58,34,Credit Scores,Risky behavior
Overspending on credit cards leads to long-term regret. #FinancialLiteracy #ConsumerBehavior #TrendingTopic: Spending Habits,Disgust,-0.27,588,251,73,Spending Habits,Good behavior
"Surprisingly, budgeting apps can save up to 20% of expenses. #FinancialLiteracy #ConsumerBehavior #TrendingTopic: Spending Habits",Surprise,0.43,854,198,81,Spending Habits,Risky behavior
Who knew financial literacy could be this empowering? #FinancialLiteracy #ConsumerBehavior #TrendingTopic: Financial Planning,Surprise,0.21,40,310,32,Financial Planning,Moderate behavior
Planning your future starts with small savings today! #FinancialLiteracy #ConsumerBehavior #TrendingTopic: Financial Planning,Positive,-0.89,948,130,89,Financial Planning,Risky behavior
Planning your future starts with small savings today! #FinancialLiteracy #ConsumerBehavior #TrendingTopic: Spending Habits,Positive,-0.46,67,458,84,Spending Habits,Moderate behavior
Planning your future starts with small savings today! #FinancialLiteracy #ConsumerBehavior #TrendingTopic: Financial Planning,Positive,0.97,183,426,31,Financial Planning,Good behavior
Ignoring budgets can wreak havoc on financial goals. #FinancialLiteracy #ConsumerBehavior #TrendingTopic: Budgeting,Disgust,-0.43,847,263,18,Budgeting,Risky behavior
Predatory loans are a trap—know the risks before signing. #FinancialLiteracy #ConsumerBehavior #TrendingTopic: Financial Planning,Disgust,-0.24,661,256,16,Financial Planning,Moderate behavior
A missed payment can damage your credit score for years. #FinancialLiteracy #ConsumerBehavior #TrendingTopic: Budgeting,Fear,0.64,21,257,25,Budgeting,Risky behavior
Budgeting brings clarity and peace of mind. #FinancialLiteracy #ConsumerBehavior #TrendingTopic: Investment,Positive,0.33,443,15,73,Investment,Risky behavior
Who knew financial literacy could be this empowering? #FinancialLiteracy #ConsumerBehavior #TrendingTopic: Savings,Surprise,0.89,789,486,55,Savings,Good behavior
Debt can spiral out of control without careful management. #FinancialLiteracy #ConsumerBehavior #TrendingTopic: Credit Scores,Fear,0.86,195,113,19,Credit Scores,Good behavior
Who knew financial literacy could be this empowering? #FinancialLiteracy #ConsumerBehavior #TrendingTopic: Credit Scores,Surprise,0.94,980,456,23,Credit Scores,Risky behavior
Overspending on credit cards leads to long-term regret. #FinancialLiteracy #ConsumerBehavior #TrendingTopic: Credit Scores,Disgust,0.52,532,278,4,Credit Scores,Good behavior
Investing wisely secures your tomorrow. #FinancialLiteracy #ConsumerBehavior #TrendingTopic: Investment,Positive,-0.8,521,165,15,Investment,Risky behavior
A missed payment can damage your credit score for years. #FinancialLiteracy #ConsumerBehavior #TrendingTopic: Investment,Fear,-0.09,519,7,9,Investment,Moderate behavior
Who knew financial literacy could be this empowering? #FinancialLiteracy #ConsumerBehavior #TrendingTopic: Debt Management,Surprise,0.24,234,135,36,Debt Management,Risky behavior
Anticipate market trends for better investment decisions. #FinancialLiteracy #ConsumerBehavior #TrendingTopic: Credit Scores,Anticipation,-0.55,15,323,79,Credit Scores,Moderate behavior
Planning your future starts with small savings today! #FinancialLiteracy #ConsumerBehavior #TrendingTopic: Spending Habits,Positive,-0.21,541,367,96,Spending Habits,Risky behavior
Budgeting brings clarity and peace of mind. #FinancialLiteracy #ConsumerBehavior #TrendingTopic: Savings,Positive,0.38,828,154,92,Savings,Risky behavior
Planning your future starts with small savings today! #FinancialLiteracy #ConsumerBehavior #TrendingTopic: Savings,Positive,0.48,926,333,68,Savings,Risky behavior
Good financial habits lead to sustainable wealth. #FinancialLiteracy #ConsumerBehavior #TrendingTopic: Credit Scores,Positive,-0.08,882,120,42,Credit Scores,Risky behavior
Planning your future starts with small savings today! #FinancialLiteracy #ConsumerBehavior #TrendingTopic: Financial Planning,Positive,0.58,644,376,13,Financial Planning,Moderate behavior
"Surprisingly, budgeting apps can save up to 20% of expenses. #FinancialLiteracy #ConsumerBehavior #TrendingTopic: Budgeting",Surprise,-0.5,659,60,33,Budgeting,Risky behavior
The next big opportunity is just a wise investment away. #FinancialLiteracy #ConsumerBehavior #TrendingTopic: Budgeting,Anticipation,-0.46,410,303,70,Budgeting,Risky behavior
A missed payment can damage your credit score for years. #FinancialLiteracy #ConsumerBehavior #TrendingTopic: Debt Management,Fear,0.13,273,31,37,Debt Management,Good behavior
Unexpected expenses can shake even the best financial plans. #FinancialLiteracy #ConsumerBehavior #TrendingTopic: Budgeting,Fear,0.67,145,367,44,Budgeting,Good behavior
Ignoring budgets can wreak havoc on financial goals. #FinancialLiteracy #ConsumerBehavior #TrendingTopic: Investment,Disgust,0.14,940,412,66,Investment,Good behavior
Good financial habits lead to sustainable wealth. #FinancialLiteracy #ConsumerBehavior #TrendingTopic: Financial Planning,Positive,-0.05,720,66,21,Financial Planning,Risky behavior
Overspending on credit cards leads to long-term regret. #FinancialLiteracy #ConsumerBehavior #TrendingTopic: Credit Scores,Disgust,0.39,450,95,5,Credit Scores,Moderate behavior
Planning your future starts with small savings today! #FinancialLiteracy #ConsumerBehavior #TrendingTopic: Spending Habits,Positive,-0.61,368,87,32,Spending Habits,Good behavior
Unexpected expenses can shake even the best financial plans. #FinancialLiteracy #ConsumerBehavior #TrendingTopic: Financial Planning,Fear,0.86,350,61,52,Financial Planning,Moderate behavior
Many people overlook the power of compound interest! #FinancialLiteracy #ConsumerBehavior #TrendingTopic: Investment,Surprise,0.8,455,325,45,Investment,Moderate behavior
Anticipate market trends for better investment decisions. #FinancialLiteracy #ConsumerBehavior #TrendingTopic: Credit Scores,Anticipation,-0.38,28,278,77,Credit Scores,Good behavior
Investing wisely secures your tomorrow. #FinancialLiteracy #ConsumerBehavior #TrendingTopic: Spending Habits,Positive,-0.47,769,306,58,Spending Habits,Risky behavior
Debt can spiral out of control without careful management. #FinancialLiteracy #ConsumerBehavior #TrendingTopic: Budgeting,Fear,-0.61,527,192,96,Budgeting,Risky behavior
Who knew financial literacy could be this empowering? #FinancialLiteracy #ConsumerBehavior #TrendingTopic: Spending Habits,Surprise,0.75,42,398,96,Spending Habits,Risky behavior
The next big opportunity is just a wise investment away. #FinancialLiteracy #ConsumerBehavior #TrendingTopic: Savings,Anticipation,-0.85,993,500,69,Savings,Risky behavior
Overspending on credit cards leads to long-term regret. #FinancialLiteracy #ConsumerBehavior #TrendingTopic: Budgeting,Disgust,-0.38,282,440,29,Budgeting,Good behavior
Overspending on credit cards leads to long-term regret. #FinancialLiteracy #ConsumerBehavior #TrendingTopic: Debt Management,Disgust,0.95,645,236,31,Debt Management,Good behavior
Unexpected expenses can shake even the best financial plans. #FinancialLiteracy #ConsumerBehavior #TrendingTopic: Debt Management,Fear,-0.61,337,24,95,Debt Management,Good behavior
Anticipate market trends for better investment decisions. #FinancialLiteracy #ConsumerBehavior #TrendingTopic: Spending Habits,Anticipation,-0.05,207,122,42,Spending Habits,Good behavior
Debt can spiral out of control without careful management. #FinancialLiteracy #ConsumerBehavior #TrendingTopic: Financial Planning,Fear,-0.94,364,497,8,Financial Planning,Risky behavior
Debt can spiral out of control without careful management. #FinancialLiteracy #ConsumerBehavior #TrendingTopic: Spending Habits,Fear,0.31,482,332,84,Spending Habits,Risky behavior
A missed payment can damage your credit score for years. #FinancialLiteracy #ConsumerBehavior #TrendingTopic: Credit Scores,Fear,0.73,979,487,91,Credit Scores,Moderate behavior
Ignoring budgets can wreak havoc on financial goals. #FinancialLiteracy #ConsumerBehavior #TrendingTopic: Investment,Disgust,-0.41,699,372,7,Investment,Good behavior
Anticipate market trends for better investment decisions. #FinancialLiteracy #ConsumerBehavior #TrendingTopic: Investment,Anticipation,0.33,902,226,43,Investment,Good behavior
Planning your future starts with small savings today! #FinancialLiteracy #ConsumerBehavior #TrendingTopic: Credit Scores,Positive,-0.11,327,173,10,Credit Scores,Risky behavior
Who knew financial literacy could be this empowering? #FinancialLiteracy #ConsumerBehavior #TrendingTopic: Debt Management,Surprise,0.03,371,495,27,Debt Management,Risky behavior
Planning your future starts with small savings today! #FinancialLiteracy #ConsumerBehavior #TrendingTopic: Credit Scores,Positive,-0.14,249,437,30,Credit Scores,Good behavior
Did you know investing $100 monthly can grow to $50k in 10 years? #FinancialLiteracy #ConsumerBehavior #TrendingTopic: Budgeting,Surprise,-0.78,267,2,91,Budgeting,Good behavior
Financial instability often starts with overspending. #FinancialLiteracy #ConsumerBehavior #TrendingTopic: Savings,Fear,-0.3,801,247,76,Savings,Good behavior
Ignoring budgets can wreak havoc on financial goals. #FinancialLiteracy #ConsumerBehavior #TrendingTopic: Spending Habits,Disgust,0.98,707,497,58,Spending Habits,Risky behavior
Anticipate market trends for better investment decisions. #FinancialLiteracy #ConsumerBehavior #TrendingTopic: Spending Habits,Anticipation,0.06,161,284,30,Spending Habits,Moderate behavior
Planning your future starts with small savings today! #FinancialLiteracy #ConsumerBehavior #TrendingTopic: Budgeting,Positive,0.97,276,467,41,Budgeting,Risky behavior
Looking forward to a secure retirement? Start saving early. #FinancialLiteracy #ConsumerBehavior #TrendingTopic: Budgeting,Anticipation,-0.29,738,76,99,Budgeting,Moderate behavior
Anticipate market trends for better investment decisions. #FinancialLiteracy #ConsumerBehavior #TrendingTopic: Savings,Anticipation,-0.4,819,446,39,Savings,Risky behavior
The next big opportunity is just a wise investment away. #FinancialLiteracy #ConsumerBehavior #TrendingTopic: Budgeting,Anticipation,-0.65,218,373,87,Budgeting,Risky behavior
Investing wisely secures your tomorrow. #FinancialLiteracy #ConsumerBehavior #TrendingTopic: Spending Habits,Positive,0.06,465,224,64,Spending Habits,Risky behavior
Predatory loans are a trap—know the risks before signing. #FinancialLiteracy #ConsumerBehavior #TrendingTopic: Savings,Disgust,0.3,321,181,52,Savings,Good behavior
Debt can spiral out of control without careful management. #FinancialLiteracy #ConsumerBehavior #TrendingTopic: Credit Scores,Fear,-0.62,731,299,60,Credit Scores,Risky behavior
Looking forward to a secure retirement? Start saving early. #FinancialLiteracy #ConsumerBehavior #TrendingTopic: Savings,Anticipation,0.24,152,255,54,Savings,Good behavior
Good financial habits lead to sustainable wealth. #FinancialLiteracy #ConsumerBehavior #TrendingTopic: Savings,Positive,0.52,371,492,88,Savings,Moderate behavior
Hidden fees on loans are just unethical! #FinancialLiteracy #ConsumerBehavior #TrendingTopic: Credit Scores,Disgust,-0.65,634,424,50,Credit Scores,Moderate behavior
Financial instability often starts with overspending. #FinancialLiteracy #ConsumerBehavior #TrendingTopic: Spending Habits,Fear,-0.88,829,500,65,Spending Habits,Moderate behavior
Did you know investing $100 monthly can grow to $50k in 10 years? #FinancialLiteracy #ConsumerBehavior #TrendingTopic: Budgeting,Surprise,-0.37,367,335,23,Budgeting,Moderate behavior
Anticipate market trends for better investment decisions. #FinancialLiteracy #ConsumerBehavior #TrendingTopic: Spending Habits,Anticipation,-0.48,402,464,67,Spending Habits,Risky behavior
A missed payment can damage your credit score for years. #FinancialLiteracy #ConsumerBehavior #TrendingTopic: Debt Management,Fear,0.09,249,166,9,Debt Management,Good behavior
Good financial habits lead to sustainable wealth. #FinancialLiteracy #ConsumerBehavior #TrendingTopic: Investment,Positive,0.89,177,341,8,Investment,Moderate behavior
"Surprisingly, budgeting apps can save up to 20% of expenses. #FinancialLiteracy #ConsumerBehavior #TrendingTopic: Budgeting",Surprise,-0.92,446,187,54,Budgeting,Good behavior
Investing wisely secures your tomorrow. #FinancialLiteracy #ConsumerBehavior #TrendingTopic: Debt Management,Positive,-0.25,399,476,3,Debt Management,Moderate behavior
Many people overlook the power of compound interest! #FinancialLiteracy #ConsumerBehavior #TrendingTopic: Financial Planning,Surprise,0.51,424,251,50,Financial Planning,Moderate behavior
Many people overlook the power of compound interest! #FinancialLiteracy #ConsumerBehavior #TrendingTopic: Savings,Surprise,-0.09,491,188,16,Savings,Risky behavior
Planning your future starts with small savings today! #FinancialLiteracy #ConsumerBehavior #TrendingTopic: Spending Habits,Positive,0.13,500,405,50,Spending Habits,Risky behavior
Overspending on credit cards leads to long-term regret. #FinancialLiteracy #ConsumerBehavior #TrendingTopic: Credit Scores,Disgust,-0.12,499,500,24,Credit Scores,Risky behavior
Predatory loans are a trap—know the risks before signing. #FinancialLiteracy #ConsumerBehavior #TrendingTopic: Savings,Disgust,-0.63,383,248,6,Savings,Moderate behavior
Anticipate market trends for better investment decisions. #FinancialLiteracy #ConsumerBehavior #TrendingTopic: Debt Management,Anticipation,-0.27,914,119,69,Debt Management,Moderate behavior
Hidden fees on loans are just unethical! #FinancialLiteracy #ConsumerBehavior #TrendingTopic: Financial Planning,Disgust,-0.9,51,495,75,Financial Planning,Moderate behavior
Planning your future starts with small savings today! #FinancialLiteracy #ConsumerBehavior #TrendingTopic: Budgeting,Positive,-0.13,830,92,58,Budgeting,Risky behavior
Predatory loans are a trap—know the risks before signing. #FinancialLiteracy #ConsumerBehavior #TrendingTopic: Credit Scores,Disgust,-0.74,289,221,24,Credit Scores,Good behavior
Anticipate market trends for better investment decisions. #FinancialLiteracy #ConsumerBehavior #TrendingTopic: Financial Planning,Anticipation,0.73,126,30,57,Financial Planning,Good behavior
Budgeting brings clarity and peace of mind. #FinancialLiteracy #ConsumerBehavior #TrendingTopic: Investment,Positive,0.33,980,64,57,Investment,Risky behavior
Financial instability often starts with overspending. #FinancialLiteracy #ConsumerBehavior #TrendingTopic: Investment,Fear,-0.3,604,133,81,Investment,Moderate behavior
Financial instability often starts with overspending. #FinancialLiteracy #ConsumerBehavior #TrendingTopic: Spending Habits,Fear,0.55,624,252,14,Spending Habits,Risky behavior
Who knew financial literacy could be this empowering? #FinancialLiteracy #ConsumerBehavior #TrendingTopic: Financial Planning,Surprise,-0.07,838,436,41,Financial Planning,Good behavior
The next big opportunity is just a wise investment away. #FinancialLiteracy #ConsumerBehavior #TrendingTopic: Credit Scores,Anticipation,-0.14,849,259,88,Credit Scores,Moderate behavior
Planning your future starts with small savings today! #FinancialLiteracy #ConsumerBehavior #TrendingTopic: Spending Habits,Positive,0.67,982,450,39,Spending Habits,Risky behavior
Good financial habits lead to sustainable wealth. #FinancialLiteracy #ConsumerBehavior #TrendingTopic: Debt Management,Positive,-0.03,172,204,57,Debt Management,Moderate behavior
A missed payment can damage your credit score for years. #FinancialLiteracy #ConsumerBehavior #TrendingTopic: Investment,Fear,-0.19,792,215,83,Investment,Risky behavior
Planning your future starts with small savings today! #FinancialLiteracy #ConsumerBehavior #TrendingTopic: Spending Habits,Positive,-0.2,147,202,58,Spending Habits,Good behavior
Predatory loans are a trap—know the risks before signing. #FinancialLiteracy #ConsumerBehavior #TrendingTopic: Spending Habits,Disgust,-0.78,418,353,20,Spending Habits,Risky behavior
Ignoring budgets can wreak havoc on financial goals. #FinancialLiteracy #ConsumerBehavior #TrendingTopic: Credit Scores,Disgust,-0.0,675,272,78,Credit Scores,Risky behavior
Imagine achieving financial independence by 40! #FinancialLiteracy #ConsumerBehavior #TrendingTopic: Savings,Anticipation,0.48,663,440,2,Savings,Good behavior
Budgeting brings clarity and peace of mind. #FinancialLiteracy #ConsumerBehavior #TrendingTopic: Investment,Positive,-0.27,872,98,14,Investment,Risky behavior
Looking forward to a secure retirement? Start saving early. #FinancialLiteracy #ConsumerBehavior #TrendingTopic: Financial Planning,Anticipation,0.12,776,342,49,Financial Planning,Moderate behavior
Planning your future starts with small savings today! #FinancialLiteracy #ConsumerBehavior #TrendingTopic: Investment,Positive,0.36,772,438,67,Investment,Good behavior
Imagine achieving financial independence by 40! #FinancialLiteracy #ConsumerBehavior #TrendingTopic: Investment,Anticipation,-0.1,831,96,77,Investment,Good behavior
Did you know investing $100 monthly can grow to $50k in 10 years? #FinancialLiteracy #ConsumerBehavior #TrendingTopic: Debt Management,Surprise,-0.34,110,181,67,Debt Management,Moderate behavior
The next big opportunity is just a wise investment away. #FinancialLiteracy #ConsumerBehavior #TrendingTopic: Financial Planning,Anticipation,-0.53,383,27,14,Financial Planning,Moderate behavior
Predatory loans are a trap—know the risks before signing. #FinancialLiteracy #ConsumerBehavior #TrendingTopic: Investment,Disgust,0.31,332,470,51,Investment,Moderate behavior
"Surprisingly, budgeting apps can save up to 20% of expenses. #FinancialLiteracy #ConsumerBehavior #TrendingTopic: Investment",Surprise,0.47,429,364,22,Investment,Good behavior
Imagine achieving financial independence by 40! #FinancialLiteracy #ConsumerBehavior #TrendingTopic: Debt Management,Anticipation,-0.64,823,302,100,Debt Management,Risky behavior
Hidden fees on loans are just unethical! #FinancialLiteracy #ConsumerBehavior #TrendingTopic: Financial Planning,Disgust,0.9,937,319,51,Financial Planning,Good behavior
Predatory loans are a trap—know the risks before signing. #FinancialLiteracy #ConsumerBehavior #TrendingTopic: Debt Management,Disgust,-0.31,914,340,15,Debt Management,Risky behavior
Did you know investing $100 monthly can grow to $50k in 10 years? #FinancialLiteracy #ConsumerBehavior #TrendingTopic: Budgeting,Surprise,0.71,260,212,79,Budgeting,Moderate behavior
Planning your future starts with small savings today! #FinancialLiteracy #ConsumerBehavior #TrendingTopic: Credit Scores,Positive,-0.35,159,36,73,Credit Scores,Moderate behavior
Financial instability often starts with overspending. #FinancialLiteracy #ConsumerBehavior #TrendingTopic: Budgeting,Fear,-0.04,444,447,14,Budgeting,Good behavior
The next big opportunity is just a wise investment away. #FinancialLiteracy #ConsumerBehavior #TrendingTopic: Financial Planning,Anticipation,-0.88,231,140,62,Financial Planning,Good behavior
Unexpected expenses can shake even the best financial plans. #FinancialLiteracy #ConsumerBehavior #TrendingTopic: Savings,Fear,0.88,50,294,53,Savings,Good behavior
Unexpected expenses can shake even the best financial plans. #FinancialLiteracy #ConsumerBehavior #TrendingTopic: Spending Habits,Fear,0.72,750,372,67,Spending Habits,Good behavior
Anticipate market trends for better investment decisions. #FinancialLiteracy #ConsumerBehavior #TrendingTopic: Credit Scores,Anticipation,-0.68,409,46,49,Credit Scores,Good behavior
Budgeting brings clarity and peace of mind. #FinancialLiteracy #ConsumerBehavior #TrendingTopic: Investment,Positive,-0.43,351,346,64,Investment,Risky behavior
Predatory loans are a trap—know the risks before signing. #FinancialLiteracy #ConsumerBehavior #TrendingTopic: Budgeting,Disgust,0.97,236,141,16,Budgeting,Good behavior
Investing wisely secures your tomorrow. #FinancialLiteracy #ConsumerBehavior #TrendingTopic: Credit Scores,Positive,-0.26,306,410,34,Credit Scores,Risky behavior
A missed payment can damage your credit score for years. #FinancialLiteracy #ConsumerBehavior #TrendingTopic: Budgeting,Fear,-0.7,80,481,82,Budgeting,Good behavior
Ignoring budgets can wreak havoc on financial goals. #FinancialLiteracy #ConsumerBehavior #TrendingTopic: Budgeting,Disgust,0.86,90,23,52,Budgeting,Good behavior
The next big opportunity is just a wise investment away. #FinancialLiteracy #ConsumerBehavior #TrendingTopic: Budgeting,Anticipation,-0.65,252,268,28,Budgeting,Risky behavior
Anticipate market trends for better investment decisions. #FinancialLiteracy #ConsumerBehavior #TrendingTopic: Spending Habits,Anticipation,-0.78,305,446,83,Spending Habits,Risky behavior
Unexpected expenses can shake even the best financial plans. #FinancialLiteracy #ConsumerBehavior #TrendingTopic: Financial Planning,Fear,-0.72,469,337,47,Financial Planning,Moderate behavior
Planning your future starts with small savings today! #FinancialLiteracy #ConsumerBehavior #TrendingTopic: Financial Planning,Positive,-0.24,862,148,36,Financial Planning,Moderate behavior
Ignoring budgets can wreak havoc on financial goals. #FinancialLiteracy #ConsumerBehavior #TrendingTopic: Savings,Disgust,-0.67,267,134,53,Savings,Risky behavior
Many people overlook the power of compound interest! #FinancialLiteracy #ConsumerBehavior #TrendingTopic: Debt Management,Surprise,0.6,315,133,29,Debt Management,Risky behavior
Investing wisely secures your tomorrow. #FinancialLiteracy #ConsumerBehavior #TrendingTopic: Credit Scores,Positive,0.81,317,261,28,Credit Scores,Risky behavior
Imagine achieving financial independence by 40! #FinancialLiteracy #ConsumerBehavior #TrendingTopic: Debt Management,Anticipation,-0.13,260,205,25,Debt Management,Risky behavior
Ignoring budgets can wreak havoc on financial goals. #FinancialLiteracy #ConsumerBehavior #TrendingTopic: Credit Scores,Disgust,-0.8,713,121,17,Credit Scores,Moderate behavior
Imagine achieving financial independence by 40! #FinancialLiteracy #ConsumerBehavior #TrendingTopic: Credit Scores,Anticipation,-0.47,868,99,14,Credit Scores,Risky behavior
Debt can spiral out of control without careful management. #FinancialLiteracy #ConsumerBehavior #TrendingTopic: Investment,Fear,0.57,217,246,6,Investment,Risky behavior
Financial instability often starts with overspending. #FinancialLiteracy #ConsumerBehavior #TrendingTopic: Credit Scores,Fear,0.93,654,250,0,Credit Scores,Risky behavior
Predatory loans are a trap—know the risks before signing. #FinancialLiteracy #ConsumerBehavior #TrendingTopic: Credit Scores,Disgust,0.48,162,85,100,Credit Scores,Moderate behavior
The next big opportunity is just a wise investment away. #FinancialLiteracy #ConsumerBehavior #TrendingTopic: Credit Scores,Anticipation,0.1,430,272,39,Credit Scores,Good behavior
Planning your future starts with small savings today! #FinancialLiteracy #ConsumerBehavior #TrendingTopic: Spending Habits,Positive,-0.96,700,162,3,Spending Habits,Risky behavior
Anticipate market trends for better investment decisions. #FinancialLiteracy #ConsumerBehavior #TrendingTopic: Savings,Anticipation,-0.78,524,397,44,Savings,Moderate behavior
Ignoring budgets can wreak havoc on financial goals. #FinancialLiteracy #ConsumerBehavior #TrendingTopic: Debt Management,Disgust,0.07,896,158,95,Debt Management,Moderate behavior
Imagine achieving financial independence by 40! #FinancialLiteracy #ConsumerBehavior #TrendingTopic: Debt Management,Anticipation,0.89,796,214,32,Debt Management,Good behavior
Overspending on credit cards leads to long-term regret. #FinancialLiteracy #ConsumerBehavior #TrendingTopic: Debt Management,Disgust,-0.56,555,487,16,Debt Management,Good behavior
Looking forward to a secure retirement? Start saving early. #FinancialLiteracy #ConsumerBehavior #TrendingTopic: Debt Management,Anticipation,-0.65,383,165,39,Debt Management,Moderate behavior
Budgeting brings clarity and peace of mind. #FinancialLiteracy #ConsumerBehavior #TrendingTopic: Investment,Positive,-0.41,738,158,54,Investment,Moderate behavior
Unexpected expenses can shake even the best financial plans. #FinancialLiteracy #ConsumerBehavior #TrendingTopic: Spending Habits,Fear,-0.11,839,347,36,Spending Habits,Moderate behavior
Unexpected expenses can shake even the best financial plans. #FinancialLiteracy #ConsumerBehavior #TrendingTopic: Savings,Fear,0.03,676,279,76,Savings,Good behavior
Good financial habits lead to sustainable wealth. #FinancialLiteracy #ConsumerBehavior #TrendingTopic: Investment,Positive,-0.14,896,380,18,Investment,Moderate behavior
Hidden fees on loans are just unethical! #FinancialLiteracy #ConsumerBehavior #TrendingTopic: Budgeting,Disgust,0.32,133,403,74,Budgeting,Moderate behavior
Predatory loans are a trap—know the risks before signing. #FinancialLiteracy #ConsumerBehavior #TrendingTopic: Budgeting,Disgust,-0.96,442,197,33,Budgeting,Risky behavior
Looking forward to a secure retirement? Start saving early. #FinancialLiteracy #ConsumerBehavior #TrendingTopic: Financial Planning,Anticipation,-0.71,208,449,66,Financial Planning,Moderate behavior
Looking forward to a secure retirement? Start saving early. #FinancialLiteracy #ConsumerBehavior #TrendingTopic: Debt Management,Anticipation,0.74,65,124,51,Debt Management,Moderate behavior
Overspending on credit cards leads to long-term regret. #FinancialLiteracy #ConsumerBehavior #TrendingTopic: Credit Scores,Disgust,-0.04,249,335,64,Credit Scores,Risky behavior
Debt can spiral out of control without careful management. #FinancialLiteracy #ConsumerBehavior #TrendingTopic: Savings,Fear,-0.72,880,249,54,Savings,Risky behavior
"Surprisingly, budgeting apps can save up to 20% of expenses. #FinancialLiteracy #ConsumerBehavior #TrendingTopic: Investment",Surprise,0.66,757,352,74,Investment,Risky behavior
Did you know investing $100 monthly can grow to $50k in 10 years? #FinancialLiteracy #ConsumerBehavior #TrendingTopic: Debt Management,Surprise,0.84,930,179,16,Debt Management,Moderate behavior
Ignoring budgets can wreak havoc on financial goals. #FinancialLiteracy #ConsumerBehavior #TrendingTopic: Budgeting,Disgust,-0.6,89,499,89,Budgeting,Moderate behavior
Budgeting brings clarity and peace of mind. #FinancialLiteracy #ConsumerBehavior #TrendingTopic: Financial Planning,Positive,-0.1,912,341,98,Financial Planning,Good behavior
Predatory loans are a trap—know the risks before signing. #FinancialLiteracy #ConsumerBehavior #TrendingTopic: Spending Habits,Disgust,0.52,174,257,3,Spending Habits,Good behavior
Who knew financial literacy could be this empowering? #FinancialLiteracy #ConsumerBehavior #TrendingTopic: Financial Planning,Surprise,-0.61,630,131,84,Financial Planning,Good behavior
Overspending on credit cards leads to long-term regret. #FinancialLiteracy #ConsumerBehavior #TrendingTopic: Debt Management,Disgust,0.75,516,29,89,Debt Management,Good behavior
Predatory loans are a trap—know the risks before signing. #FinancialLiteracy #ConsumerBehavior #TrendingTopic: Credit Scores,Disgust,-0.16,706,67,45,Credit Scores,Moderate behavior
Looking forward to a secure retirement? Start saving early. #FinancialLiteracy #ConsumerBehavior #TrendingTopic: Debt Management,Anticipation,0.94,187,291,25,Debt Management,Moderate behavior
Imagine achieving financial independence by 40! #FinancialLiteracy #ConsumerBehavior #TrendingTopic: Investment,Anticipation,0.72,330,362,88,Investment,Risky behavior
Overspending on credit cards leads to long-term regret. #FinancialLiteracy #ConsumerBehavior #TrendingTopic: Credit Scores,Disgust,0.18,61,136,45,Credit Scores,Good behavior
Overspending on credit cards leads to long-term regret. #FinancialLiteracy #ConsumerBehavior #TrendingTopic: Spending Habits,Disgust,-0.69,235,346,76,Spending Habits,Good behavior
Unexpected expenses can shake even the best financial plans. #FinancialLiteracy #ConsumerBehavior #TrendingTopic: Investment,Fear,-0.66,200,225,26,Investment,Good behavior
Good financial habits lead to sustainable wealth. #FinancialLiteracy #ConsumerBehavior #TrendingTopic: Financial Planning,Positive,0.01,272,470,24,Financial Planning,Moderate behavior
Looking forward to a secure retirement? Start saving early. #FinancialLiteracy #ConsumerBehavior #TrendingTopic: Financial Planning,Anticipation,0.06,845,453,38,Financial Planning,Moderate behavior
The next big opportunity is just a wise investment away. #FinancialLiteracy #ConsumerBehavior #TrendingTopic: Savings,Anticipation,0.34,845,278,86,Savings,Good behavior
